case_id,branch_id,slice_id
3,1,4
3,13,34
3,13,35
3,13,36
3,13,37
7,1,96
7,11,6
7,11,7
7,11,8
7,13,6
7,13,16
7,13,22
7,13,23
8,13,12
8,13,13
8,13,14
8,13,15
8,13,16
8,13,17
8,13,18
8,13,19
8,13,20
9,13,13
9,13,14
9,13,15
9,13,16
9,13,17
9,13,18
9,13,19
9,13,20
10,13,13
10,13,14
10,13,15
10,13,16
10,13,17
11,1,170
11,1,171
11,1,173
11,1,174
11,11,6
11,11,7
11,11,8
11,11,9
11,11,10
11,13,6
11,13,7
11,13,12
11,13,13
11,13,14
11,13,15
11,13,16
11,13,17
11,13,18
11,13,19
11,13,20
11,13,21
11,13,22
12,13,26
12,13,27
12,13,28
12,13,83
12,13,84
12,13,85
12,13,86
12,13,87
12,13,88
13,13,25
13,13,26
13,13,27
13,13,28
13,13,32
13,13,33
13,13,34
13,13,35
14,11,51
14,11,52
14,11,53
14,13,44
14,13,45
14,13,46
14,13,47
14,13,51
14,13,52
14,13,53
14,13,54
14,13,56
18,1,29
18,1,30
18,1,31
18,1,32
18,1,33
18,1,34
18,1,35
18,1,36
18,1,37
18,11,26
18,11,27
18,11,28
18,11,29
18,11,30
18,11,31
18,11,32
18,13,0
18,13,1
18,13,2
18,13,3
18,13,4
18,13,5
18,13,6
18,13,7
18,13,8
18,13,9
18,13,10
18,13,11
18,13,12
18,13,13
18,13,14
18,13,15
18,13,16
18,13,17
18,13,18
18,13,19
18,13,20
18,13,21
18,13,22
18,13,23
18,13,24
18,13,25
18,13,26
18,13,27
18,13,28
18,13,33
18,13,34
18,13,35
18,13,36
18,13,37
18,13,62
18,13,63
18,13,64
18,13,65
18,13,66
18,13,140
18,13,141
18,13,142
18,13,143
18,14,2
18,14,3
18,14,4
18,14,5
18,14,12
18,20,81
18,20,82
18,20,83
19,1,27
19,1,28
19,1,29
19,1,30
19,1,31
19,1,32
19,1,33
19,1,34
19,1,35
19,1,36
19,1,37
19,1,38
19,1,49
19,1,50
19,1,51
19,1,52
19,1,53
19,1,59
19,1,60
19,1,61
19,1,62
19,1,63
19,1,64
19,1,65
19,1,66
19,1,67
19,1,68
19,1,69
19,1,70
19,1,120
19,1,121
19,1,122
19,1,123
19,1,124
19,1,125
19,1,126
19,1,127
19,1,128
19,1,147
19,1,148
19,1,150
19,1,151
19,1,152
19,1,153
19,1,154
19,1,169
19,1,170
19,1,171
19,1,172
19,1,173
19,11,25
19,11,26
19,11,27
19,13,28
19,13,29
19,13,30
19,13,31
19,13,32
19,13,37
19,13,38
19,13,39
19,13,40
19,13,41
19,13,42
19,13,63
19,13,64
19,13,65
19,13,66
19,13,67
19,13,113
19,13,141
19,13,142
19,13,143
20,1,24
20,1,25
20,1,26
20,1,27
20,1,28
20,1,29
20,1,30
20,1,31
20,1,32
20,1,33
20,1,34
20,1,35
20,1,36
20,1,37
20,1,38
20,1,50
20,1,51
20,1,52
20,1,53
20,1,54
20,1,62
20,1,63
20,1,64
20,1,65
20,1,66
20,1,67
20,1,68
20,1,69
20,1,70
20,1,71
20,1,123
20,1,124
20,1,125
20,1,126
20,1,127
20,1,128
20,13,25
20,13,26
20,13,27
20,13,28
20,13,29
20,13,31
20,13,32
20,13,33
20,13,34
20,13,35
20,13,36
20,13,41
20,13,42
20,13,43
20,13,44
20,13,45
20,13,69
20,13,70
20,13,71
20,13,72
20,13,73
20,13,74
20,13,148
20,13,149
20,13,150
21,11,23
21,11,24
21,11,25
21,13,31
21,13,32
21,13,33
21,13,34
21,13,35
21,13,36
21,13,70
21,13,71
21,13,72
21,13,73
21,13,76
21,13,77
21,13,78
21,13,79
21,13,80
28,1,2
28,1,3
28,1,4
28,1,5
28,1,6
28,1,7
28,1,8
28,1,9
28,1,14
28,1,15
28,1,16
28,1,17
28,1,18
28,1,19
28,1,20
28,1,21
28,1,22
28,1,23
28,1,24
28,1,25
28,1,26
28,1,27
28,1,28
28,1,29
28,1,30
28,1,31
28,1,32
28,1,33
28,1,34
28,1,35
28,1,36
28,1,72
28,1,73
28,1,74
28,1,75
28,1,76
28,1,77
28,1,78
28,1,79
28,1,80
28,1,81
28,1,82
28,1,101
28,1,102
28,1,103
28,1,104
28,1,105
28,1,106
28,1,107
28,1,108
28,1,109
28,1,110
28,1,111
28,1,112
28,1,113
28,1,130
28,1,131
28,1,132
28,1,133
28,1,135
28,1,136
28,1,139
28,1,140
28,1,141
28,1,142
28,1,183
28,1,184
28,1,185
28,1,186
28,1,187
28,1,188
28,1,191
28,1,192
28,1,193
28,1,194
28,1,206
28,1,207
28,1,208
28,1,209
28,1,210
28,1,211
28,1,219
28,1,220
28,1,221
28,1,222
28,1,223
28,1,224
28,1,225
28,1,226
28,1,227
28,1,228
28,11,1
28,11,2
28,11,3
28,11,4
28,11,5
28,11,6
28,11,7
28,11,8
28,11,9
28,11,10
28,11,11
28,11,12
28,11,13
28,11,14
28,11,15
28,13,6
28,13,7
28,13,8
28,13,9
28,13,10
28,13,11
28,13,12
28,13,13
28,13,14
28,13,15
28,13,16
28,13,17
28,13,18
28,13,19
28,13,20
28,13,21
28,13,22
28,13,23
28,13,24
28,13,25
28,13,26
28,13,60
28,13,61
28,13,62
28,13,63
28,13,64
28,13,65
28,13,66
28,13,67
28,13,68
28,13,69
28,13,70
28,13,71
28,13,72
28,14,14
28,14,15
28,14,16
28,14,17
28,14,18
28,14,19
28,14,20
28,14,21
28,14,22
28,14,23
28,20,21
28,20,22
28,20,23
28,20,24
28,20,25
28,20,26
28,20,27
28,20,28
28,20,75
28,20,76
28,20,77
28,20,78
28,20,79
28,20,80
28,20,87
28,20,88
28,20,89
28,20,90
28,20,97
28,20,98
28,20,99
28,20,100
28,20,101
29,1,0
29,1,1
29,1,2
29,1,3
29,1,4
29,1,5
29,1,6
29,1,7
29,1,10
29,1,11
29,1,12
29,1,13
29,1,14
29,1,15
29,1,16
29,1,17
29,1,18
29,1,19
29,1,20
29,1,21
29,1,22
29,1,23
29,1,24
29,1,25
29,1,26
29,1,27
29,1,28
29,1,29
29,1,30
29,1,31
29,1,70
29,1,71
29,1,72
29,1,73
29,1,74
29,1,75
29,1,76
29,1,77
29,1,78
29,1,79
29,1,97
29,1,98
29,1,99
29,1,100
29,1,101
29,1,102
29,1,103
29,1,104
29,1,105
29,1,106
29,1,107
29,1,108
29,1,109
29,1,110
29,1,111
29,1,112
29,1,113
29,1,114
29,1,115
29,1,127
29,1,128
29,1,129
29,1,130
29,1,131
29,1,183
29,1,184
29,1,185
29,1,186
29,1,187
29,1,188
29,1,191
29,1,192
29,1,193
29,1,194
29,1,206
29,1,207
29,1,208
29,1,209
29,1,210
29,1,219
29,1,220
29,1,221
29,1,222
29,1,223
29,1,224
29,1,225
29,1,226
29,1,227
29,1,228
29,1,229
29,1,230
29,1,231
29,1,232
29,11,1
29,11,2
29,11,3
29,11,4
29,11,5
29,11,6
29,11,11
29,11,12
29,11,13
29,11,14
29,11,15
29,11,16
29,13,7
29,13,8
29,13,9
29,13,10
29,13,11
29,13,12
29,13,13
29,13,14
29,13,15
29,13,16
29,13,17
29,13,18
29,13,19
29,13,20
29,13,21
29,13,22
29,13,23
29,13,25
29,13,34
29,13,58
29,13,59
29,13,60
29,13,61
29,13,62
29,13,63
29,13,64
29,13,65
29,13,66
29,13,67
29,13,68
29,13,69
29,13,70
29,13,71
29,13,72
29,14,16
29,14,17
29,14,18
29,14,19
29,14,20
29,14,21
29,14,22
29,14,23
29,20,23
29,20,24
29,20,25
29,20,26
29,20,27
29,20,28
29,20,76
29,20,77
29,20,78
29,20,79
29,20,80
29,20,81
29,20,89
29,20,90
29,20,91
29,20,92
29,20,93
29,20,94
29,20,98
29,20,99
29,20,100
29,20,101
29,20,102
29,20,103
29,20,104
29,20,105
29,20,106
30,1,0
30,1,1
30,1,2
30,1,3
30,1,4
30,1,5
30,1,6
30,1,7
30,1,8
30,1,9
30,1,10
30,1,20
30,1,21
30,1,22
30,1,23
30,1,24
30,1,25
30,1,26
30,1,27
30,1,28
30,1,29
30,1,30
30,1,31
30,1,32
30,1,33
30,1,34
30,1,35
30,1,75
30,1,76
30,1,77
30,1,78
30,1,79
30,1,80
30,1,81
30,1,82
30,1,83
30,1,188
30,1,189
30,1,190
30,1,191
30,1,192
30,1,193
30,1,194
30,1,195
30,1,196
30,1,197
30,1,198
30,1,199
30,1,211
30,1,212
30,1,213
30,1,214
30,1,215
30,1,224
30,1,225
30,1,226
30,1,227
30,1,228
30,1,229
30,1,230
30,1,231
30,1,232
30,13,4
30,13,5
30,13,6
30,13,7
30,13,8
30,13,9
30,13,10
30,13,11
30,13,12
30,13,13
30,13,14
30,13,15
30,13,16
30,13,17
30,13,18
30,13,19
30,13,20
30,13,57
30,13,58
30,13,59
30,13,60
30,13,61
30,13,62
30,13,63
30,13,64
30,13,65
30,13,66
30,13,67
30,13,68
30,14,14
30,14,15
30,14,16
30,14,17
30,14,18
30,14,19
30,14,20
30,14,21
30,14,22
30,14,23
30,14,24
30,20,19
30,20,20
30,20,21
30,20,22
30,20,23
30,20,73
30,20,74
30,20,75
30,20,76
30,20,77
30,20,78
30,20,85
30,20,86
30,20,87
30,20,95
30,20,96
30,20,97
30,20,98
36,1,12
36,1,13
36,1,25
36,1,26
36,1,27
36,1,28
36,1,32
36,1,33
36,1,34
36,11,3
36,11,4
36,11,5
36,11,6
36,11,7
36,11,9
36,11,10
37,20,128
37,20,129
37,20,130
37,20,131
39,1,0
39,1,1
39,1,2
39,1,3
39,1,4
39,1,5
39,1,6
39,11,0
39,11,1
39,11,2
39,11,3
39,11,13
39,11,14
39,13,0
39,13,1
39,13,2
39,13,3
39,13,4
39,13,5
39,13,6
39,13,9
39,13,10
39,13,11
39,13,18
39,13,19
39,13,20
39,13,21
39,13,22
39,13,23
39,13,24
39,13,26
39,13,27
39,13,28
39,13,29
39,13,30
39,13,31
39,13,32
39,13,33
39,13,34
39,13,35
39,13,36
39,13,37
39,13,38
39,13,39
39,13,40
39,13,41
39,13,42
39,13,43
39,13,47
39,13,48
39,13,49
39,13,50
39,13,57
39,13,58
39,13,59
39,13,60
39,13,61
39,13,65
39,13,66
39,13,67
39,13,68
39,20,27
39,20,28
39,20,52
39,20,53
39,20,60
39,20,61
39,20,62
39,20,63
39,20,64
40,1,0
40,1,1
40,1,2
40,1,3
40,1,4
40,1,5
40,1,6
40,1,7
40,1,41
40,1,42
40,1,43
40,11,0
40,11,1
40,11,2
40,11,3
40,11,4
40,13,2
40,13,3
40,13,4
40,13,5
40,13,6
40,13,7
40,13,8
40,13,9
40,13,10
40,13,24
40,13,25
40,13,26
40,13,27
40,13,28
40,13,29
40,13,32
40,13,33
40,13,34
40,13,35
40,13,36
40,13,37
40,13,38
40,13,39
40,13,40
40,13,41
40,13,42
40,13,43
40,13,44
40,13,45
40,13,46
40,13,47
40,13,51
40,13,52
40,13,53
40,13,54
40,13,55
40,20,27
40,20,28
40,20,60
40,20,61
40,20,62
41,1,0
41,1,1
41,1,2
41,1,3
41,1,4
41,1,5
41,1,41
41,1,42
41,1,43
41,1,44
41,11,0
41,11,1
41,11,2
41,11,3
41,11,4
41,11,12
41,11,13
41,11,14
41,13,0
41,13,2
41,13,3
41,13,4
41,13,5
41,13,6
41,13,20
41,13,21
41,13,22
41,13,23
41,13,24
41,13,25
41,13,27
41,13,28
41,13,29
41,13,30
41,13,31
41,13,32
41,13,33
41,13,34
41,13,35
41,13,36
41,13,37
41,13,38
41,13,39
41,13,40
41,13,41
41,13,42
41,13,43
41,13,44
41,13,58
41,13,59
41,20,59
41,20,60
41,20,61
41,20,62
41,20,63
42,1,8
42,1,9
42,1,10
42,1,11
42,1,12
42,1,13
42,1,14
42,1,15
42,1,69
42,1,70
42,1,71
42,11,6
42,11,7
42,11,8
42,11,9
42,11,10
42,11,11
42,11,12
42,11,13
42,20,24
42,20,25
42,20,26
42,20,27
42,20,28
42,20,29
42,20,30
42,22,12
42,22,13
42,22,22
42,22,23
42,22,24
42,22,25
42,22,26
42,22,32
42,22,33
42,22,34
42,22,35
42,22,36
42,22,37
42,22,42
42,22,43
42,22,44
42,22,45
44,6,61
44,6,62
44,6,63
44,6,64
46,1,63
46,1,64
46,1,65
46,1,66
46,1,67
46,1,68
46,1,122
46,1,123
46,1,124
46,1,125
46,1,133
46,1,134
46,1,135
46,1,136
46,1,137
46,1,138
46,1,139
46,1,140
46,1,141
46,1,142
46,1,143
46,1,166
46,1,167
46,1,168
46,1,169
46,1,170
46,1,171
46,1,172
46,1,173
46,1,174
46,1,175
46,7,0
46,7,1
46,7,2
46,7,6
46,7,7
46,7,8
46,7,9
46,7,10
46,7,11
46,11,0
46,11,1
46,11,2
46,11,3
46,11,4
46,11,5
46,11,6
46,11,7
46,11,8
46,13,6
46,13,7
46,13,8
46,13,13
46,13,14
46,13,15
46,13,16
46,13,17
46,13,18
46,13,19
46,13,21
46,13,22
46,13,23
46,13,24
46,13,84
46,13,85
46,13,86
46,13,87
46,13,88
46,13,89
46,13,90
46,13,91
46,14,11
46,14,12
46,14,13
46,14,14
46,14,22
46,14,23
46,14,24
46,14,25
46,14,26
46,14,35
46,14,36
46,14,37
46,20,3
46,20,4
46,20,5
46,20,6
46,20,7
46,20,8
46,20,9
46,20,10
46,20,15
46,20,16
46,20,17
46,20,18
46,20,19
46,20,20
46,20,21
46,20,22
46,20,23
46,20,24
46,20,25
46,22,0
46,22,1
46,22,2
46,22,29
46,22,30
46,22,31
46,22,32
46,22,42
46,22,43
46,22,44
46,22,45
46,22,46
46,22,47
46,22,48
46,22,49
46,22,50
46,22,51
47,1,62
47,1,63
47,1,64
47,1,65
47,1,66
47,1,67
47,1,68
47,1,121
47,1,122
47,1,123
47,1,124
47,1,125
47,1,134
47,1,135
47,1,136
47,1,137
47,1,138
47,1,139
47,1,140
47,1,141
47,1,142
47,1,143
47,1,144
47,1,145
47,1,146
47,1,147
47,1,168
47,1,169
47,1,170
47,1,171
47,1,172
47,1,173
47,1,174
47,1,175
47,1,176
47,1,177
47,1,178
47,1,179
47,1,180
47,1,181
47,1,182
47,1,183
47,7,0
47,7,1
47,7,2
47,11,0
47,11,1
47,11,2
47,11,3
47,11,4
47,11,5
47,11,6
47,11,7
47,11,8
47,13,6
47,13,7
47,13,8
47,13,9
47,13,10
47,13,12
47,13,13
47,13,14
47,13,15
47,13,16
47,13,17
47,13,21
47,13,22
47,13,23
47,13,24
47,13,25
47,13,26
47,13,27
47,13,28
47,13,29
47,13,30
47,13,31
47,13,53
47,13,54
47,13,55
47,13,84
47,13,85
47,13,86
47,13,87
47,13,88
47,13,89
47,13,90
47,13,91
47,13,92
47,13,93
47,13,94
47,13,95
47,14,16
47,14,17
47,14,18
47,14,40
47,14,41
47,20,4
47,20,5
47,20,6
47,20,7
47,20,21
47,20,22
47,20,23
47,20,24
47,20,25
47,20,26
47,20,27
47,20,28
47,20,29
48,1,14
48,1,15
48,1,16
48,1,17
48,1,18
48,1,19
48,1,20
48,1,21
48,1,22
48,1,23
48,1,24
48,1,25
48,1,26
48,1,27
48,1,28
48,1,29
48,1,30
48,1,31
48,1,32
48,1,61
48,1,62
48,1,63
48,11,20
48,11,21
48,20,0
48,20,1
48,20,2
48,20,3
48,20,4
48,20,5
48,20,6
48,20,7
48,20,8
48,20,9
48,20,10
48,20,11
48,20,12
48,20,13
48,20,14
48,20,15
48,20,16
48,20,17
48,20,18
48,20,24
48,20,25
48,20,26
48,20,27
48,20,28
48,20,29
48,20,30
48,20,31
48,20,32
48,20,33
48,20,34
48,20,35
48,20,36
48,20,37
48,21,0
48,21,10
48,21,11
48,21,12
48,21,13
48,21,14
48,21,21
48,21,22
48,21,23
48,21,24
48,21,47
48,21,48
48,21,49
48,21,50
48,21,51
48,21,52
49,1,56
49,1,57
49,1,58
49,1,59
49,1,60
49,11,18
49,11,19
49,20,0
49,20,1
49,20,2
49,20,3
49,20,4
49,20,5
49,20,6
49,20,7
49,20,8
49,20,9
49,20,10
49,20,11
49,20,12
49,20,13
49,20,14
49,20,15
49,20,16
49,20,17
49,20,18
49,20,31
49,20,32
49,20,33
49,20,34
49,20,35
50,1,59
50,1,60
50,1,61
50,11,19
50,11,20
50,15,0
50,15,1
50,20,1
50,20,2
50,20,3
50,20,4
50,20,5
50,20,6
50,20,7
50,20,8
50,20,9
50,20,10
50,20,11
50,20,12
50,20,13
50,20,14
50,20,15
50,20,16
50,20,17
50,20,18
50,20,26
50,20,27
50,20,28
50,20,29
50,20,30
50,20,31
50,20,32
50,20,33
50,20,34
50,21,15
50,21,16
51,11,20
51,11,21
51,11,22
51,20,0
51,20,1
51,20,2
51,20,3
51,20,4
51,20,5
51,20,6
51,20,7
51,20,8
51,20,9
51,20,10
51,20,11
51,20,12
51,20,13
51,20,14
51,20,15
51,20,16
51,20,17
51,20,18
51,20,19
51,20,24
51,20,25
51,20,26
51,20,28
51,20,29
51,20,30
51,20,31
51,20,32
51,20,33
51,20,34
51,20,35
51,20,37
51,20,38
52,1,54
52,1,55
52,1,56
52,1,57
52,14,0
52,14,1
52,14,2
52,14,3
52,14,4
52,20,0
52,20,1
52,20,2
52,20,3
52,20,4
52,20,5
52,20,6
52,20,7
52,20,8
52,20,9
52,20,10
52,20,11
52,20,12
52,20,13
52,20,14
52,20,15
52,20,16
52,20,17
52,20,18
52,20,19
52,20,20
52,20,23
52,20,24
52,20,25
52,20,26
52,20,27
52,20,28
52,20,29
52,20,30
52,20,31
52,20,32
52,20,33
52,20,34
52,20,91
52,20,92
52,20,93
52,20,94
52,20,155
52,20,156
52,20,157
52,20,158
52,20,159
52,20,160
53,1,57
53,1,58
53,1,59
53,1,60
53,1,61
53,11,10
53,11,11
53,20,0
53,20,1
53,20,2
53,20,3
53,20,4
53,20,5
53,20,6
53,20,7
53,20,8
53,20,9
53,20,10
53,20,11
53,20,12
53,20,13
53,20,14
53,20,15
53,20,16
53,20,17
53,20,18
53,20,19
53,20,20
53,20,21
53,20,26
53,20,27
53,20,28
53,20,29
53,20,30
53,20,31
53,20,32
53,20,33
53,20,34
53,20,35
53,20,36
53,20,37
53,20,56
53,20,57
58,1,30
58,1,31
58,1,32
58,1,33
58,1,34
58,1,35
58,1,36
58,1,37
58,1,38
58,1,39
58,1,46
58,1,47
58,1,50
58,1,51
58,1,52
58,1,53
58,1,54
58,1,85
58,1,86
58,1,87
58,1,88
58,1,89
58,1,90
58,1,91
58,1,92
58,7,28
58,7,29
58,7,30
58,7,31
58,7,35
58,7,36
58,7,37
58,7,38
58,7,39
58,7,40
58,7,41
58,7,54
58,7,58
58,7,59
58,7,60
58,11,13
58,11,14
58,11,15
58,13,10
58,13,11
58,13,12
58,13,13
58,13,20
58,13,21
58,13,22
58,13,23
58,13,24
58,13,25
58,13,26
58,13,35
58,13,36
58,13,37
58,13,54
58,13,55
58,13,56
58,13,57
58,13,58
58,13,59
58,13,60
58,13,61
58,13,62
58,13,63
58,13,64
58,13,66
58,13,67
58,13,77
58,13,78
59,1,44
59,1,45
59,1,46
59,1,47
59,1,48
59,1,85
59,1,86
59,1,87
59,1,88
59,1,89
59,1,90
59,1,91
59,1,92
59,7,32
59,7,33
59,7,34
59,7,35
59,7,38
59,7,39
59,7,40
59,7,41
59,7,42
59,7,43
59,7,44
59,7,45
59,7,46
59,7,47
59,7,48
59,7,49
59,7,50
59,7,51
59,7,55
59,7,56
59,7,57
59,7,58
59,7,59
59,7,60
59,7,61
59,13,9
59,13,10
59,13,11
59,13,12
59,13,13
59,13,14
59,13,15
59,13,16
59,13,17
59,13,23
59,13,24
59,13,25
59,13,26
59,13,27
59,13,28
59,13,29
59,13,30
59,13,32
59,13,33
59,13,34
59,13,35
59,13,36
59,13,37
59,13,49
59,13,50
59,13,51
59,13,52
59,13,53
59,13,55
59,13,56
59,13,57
59,13,58
59,13,59
59,13,60
59,13,61
59,13,62
59,13,63
59,13,64
59,13,65
59,13,66
59,13,67
59,13,68
59,13,69
59,13,70
59,13,71
59,13,72
59,13,81
59,13,82
59,13,85
59,13,86
59,13,87
59,13,89
59,13,90
59,13,144
59,13,145
59,14,0
59,14,1
59,14,14
59,14,15
59,20,38
59,20,42
59,20,43
59,20,44
59,20,45
59,20,46
59,20,47
60,1,168
60,1,169
60,1,170
60,1,171
60,1,172
60,1,173
60,1,174
65,20,30
65,20,31
68,1,30
68,1,31
68,1,63
68,1,64
68,1,65
68,1,66
68,1,67
68,1,68
68,1,69
68,1,70
68,1,71
68,1,72
68,1,73
68,1,74
68,1,75
68,1,76
68,1,77
68,1,198
68,1,199
68,1,200
68,1,201
68,1,202
68,1,217
68,1,218
68,1,219
68,1,220
68,1,221
68,1,222
68,1,223
68,1,224
68,1,225
68,1,226
68,1,228
68,1,229
68,1,230
68,1,231
68,1,232
68,1,233
68,1,234
68,1,235
68,1,236
68,1,237
68,1,238
68,1,239
68,1,240
68,1,241
68,1,242
68,1,243
68,1,244
68,7,5
68,7,6
68,7,7
68,13,4
68,13,5
68,13,6
68,13,7
68,13,8
68,13,9
68,13,10
68,13,11
68,13,12
68,13,13
68,13,20
68,13,21
68,13,22
68,13,23
68,13,24
68,13,25
68,13,26
68,13,48
68,13,49
68,13,50
68,13,51
68,13,52
68,13,53
68,14,0
68,14,79
68,14,80
68,14,81
71,20,0
71,20,1
72,7,48
72,7,49
72,7,50
72,7,51
72,7,90
72,7,91
72,7,92
72,7,93
72,7,94
72,7,95
72,11,21
72,11,22
72,11,23
72,11,24
72,11,25
72,11,26
72,11,27
72,11,28
72,11,29
72,11,30
72,11,31
72,11,32
72,11,33
72,11,34
72,11,35
72,11,36
72,14,53
72,14,54
72,14,55
72,14,56
72,14,77
72,14,78
73,7,44
73,7,45
73,7,46
73,7,47
73,7,48
73,7,49
73,7,50
73,7,51
73,11,22
73,11,23
73,11,24
73,11,25
73,11,26
73,11,27
73,11,28
73,11,29
73,11,30
73,11,31
73,11,32
73,11,33
73,11,36
73,11,37
74,11,22
74,11,23
74,11,24
74,11,25
74,11,26
74,11,27
74,11,28
74,11,29
74,11,30
74,11,31
74,11,32
74,11,33
74,11,34
77,1,23
77,1,24
77,1,25
77,1,26
77,1,27
77,1,28
77,1,29
77,1,30
77,1,31
77,1,32
77,1,33
77,1,34
77,1,35
77,1,36
77,1,37
77,1,54
77,1,55
77,1,56
77,1,57
77,1,58
77,1,89
77,1,90
77,1,91
77,1,92
77,1,93
77,1,94
77,1,95
77,1,96
77,1,97
77,1,98
77,1,99
77,1,100
77,1,101
77,1,107
77,1,108
77,14,11
77,14,12
77,14,13
77,14,14
77,14,15
77,14,16
77,20,0
77,20,1
77,20,2
77,20,3
77,20,4
77,20,5
78,1,25
78,1,26
78,1,27
78,1,28
78,1,29
78,1,30
78,1,31
78,1,32
78,1,33
78,1,34
78,1,35
78,1,36
78,1,37
78,1,38
78,1,39
78,1,56
78,1,57
78,1,58
78,1,59
78,1,60
78,1,83
78,1,84
78,1,85
78,1,86
78,1,91
78,1,92
78,1,93
78,1,94
78,1,95
78,1,96
78,1,97
78,1,98
78,1,99
78,1,100
78,1,101
78,1,102
78,1,103
78,1,105
79,13,84
79,13,85
79,13,86
79,13,87
79,13,88
80,13,0
80,13,5
80,13,8
80,13,9
80,13,10
80,13,11
80,13,12
80,13,13
80,13,14
80,13,15
80,13,16
80,13,17
80,13,18
80,13,19
80,13,20
80,13,21
80,13,22
80,13,23
80,13,24
80,13,25
80,13,26
80,13,27
80,13,28
80,13,29
80,13,30
80,13,31
80,13,32
80,13,33
80,13,34
80,13,35
80,13,36
80,13,37
80,13,40
80,13,41
80,13,42
80,13,43
80,13,44
80,13,45
80,13,46
80,13,47
80,13,48
80,13,49
80,13,50
80,13,51
80,13,52
80,13,53
80,13,54
80,13,55
80,13,56
80,13,57
80,13,58
80,13,59
80,13,60
80,13,63
80,13,87
80,13,91
80,20,46
80,20,47
81,11,24
81,14,0
82,24,0
82,24,1
82,24,2
82,24,3
82,24,4
82,24,5
82,24,6
82,24,7
82,24,8
83,7,31
83,7,32
83,7,33
83,24,0
83,24,1
83,24,2
83,24,3
83,24,4
83,24,5
83,24,6
83,24,7
84,1,76
84,1,77
84,13,18
84,13,19
84,13,20
84,13,21
84,13,22
84,13,23
84,13,24
84,13,25
84,13,26
84,13,27
84,13,28
84,13,29
84,13,30
84,13,31
84,13,32
84,13,33
84,13,34
84,13,35
84,13,36
84,13,37
84,13,38
84,13,39
84,13,40
84,13,41
84,13,42
84,13,49
84,13,50
84,13,51
84,13,52
84,13,53
84,13,54
84,13,55
84,13,56
84,13,57
84,13,78
84,13,79
84,13,80
84,13,81
84,13,82
85,1,172
85,1,173
85,1,174
85,1,175
85,20,29
85,20,31
85,20,32
85,20,33
85,20,34
85,20,35
85,20,36
85,20,37
85,20,38
85,20,39
85,20,40
85,20,41
85,20,42
85,20,43
85,20,44
85,20,45
85,20,46
85,20,47
85,20,48
85,20,49
85,20,50
85,20,51
85,20,52
85,20,65
85,20,66
85,20,67
85,20,68
85,20,69
85,20,77
85,20,78
85,20,79
85,20,80
85,20,81
85,20,82
85,20,83
85,20,84
85,20,85
85,20,86
85,20,87
85,20,88
85,20,89
85,20,90
85,20,91
85,20,92
85,20,93
85,20,94
85,20,95
85,20,96
85,20,100
85,20,101
85,20,102
85,20,103
85,20,104
85,20,105
85,20,106
85,20,107
85,20,108
85,20,109
85,20,110
85,20,111
85,20,112
85,20,113
85,20,114
85,20,115
85,20,116
85,20,117
85,20,118
85,20,119
85,20,120
85,20,121
85,20,122
85,20,123
85,20,124
85,20,125
85,20,126
85,20,127
85,20,128
85,20,129
85,20,130
85,20,131
85,20,132
85,20,133
85,20,134
85,20,135
85,20,136
85,20,137
85,21,0
85,22,0
85,22,1
86,13,16
86,13,17
86,13,18
86,13,19
86,13,20
86,13,21
86,13,22
86,13,23
86,13,24
86,13,25
86,13,26
86,13,27
86,13,28
86,13,29
86,13,30
86,13,31
86,13,32
86,13,33
86,13,34
86,13,35
86,13,36
86,13,37
86,13,38
86,13,39
86,13,40
86,13,41
86,13,42
86,13,43
86,13,44
86,13,45
86,13,46
86,13,47
86,13,48
86,13,49
86,13,50
86,13,51
86,13,52
86,13,53
86,13,54
86,13,55
86,13,56
86,13,57
86,13,58
86,13,59
86,13,60
86,13,61
86,13,75
86,13,76
86,13,77
86,13,78
86,13,79
86,13,80
86,13,81
86,13,153
86,13,154
87,1,19
87,1,20
87,1,21
87,1,22
87,1,23
87,1,48
87,1,49
87,1,50
87,1,51
88,1,20
88,1,21
88,1,22
88,1,23
88,1,24
88,1,25
88,1,47
88,1,48
88,1,49
88,1,50
88,1,51
88,1,52
90,1,15
90,1,16
90,1,17
90,1,18
90,1,19
90,1,20
90,13,36
90,13,37
90,13,38
90,13,39
90,13,40
90,13,41
90,20,4
90,20,5
90,20,6
90,20,7
90,20,10
90,20,11
90,20,12
90,20,13
90,20,14
90,20,15
90,20,16
90,20,17
90,20,18
90,20,19
90,20,20
90,20,21
91,1,13
91,1,14
91,1,15
91,1,16
91,1,17
91,1,18
91,1,19
91,13,2
91,13,3
91,13,4
91,13,5
91,13,6
91,13,7
91,13,8
91,13,9
91,13,10
91,13,11
91,13,12
91,13,13
91,13,14
91,13,15
91,13,16
91,13,17
91,13,18
91,13,19
91,13,20
91,13,31
91,13,32
91,13,36
91,13,37
91,13,38
91,13,39
91,13,40
91,13,41
91,14,0
91,14,1
91,14,2
91,14,3
91,14,4
91,20,2
91,20,3
91,20,4
91,20,5
91,20,6
91,20,7
91,20,8
91,20,9
91,20,10
91,20,11
91,20,12
91,20,13
91,20,14
91,20,15
91,20,16
92,1,14
92,1,15
92,1,16
92,1,17
92,1,18
92,1,19
92,1,20
92,1,21
92,13,1
92,13,2
92,13,3
92,13,4
92,13,5
92,13,6
92,13,7
92,13,8
92,13,9
92,13,10
92,13,11
92,13,12
92,13,13
92,13,14
92,13,15
92,13,16
92,13,17
92,13,18
92,13,19
92,13,20
92,13,21
92,13,29
92,13,30
92,13,31
92,13,32
92,13,33
92,13,36
92,13,37
92,13,38
92,13,39
92,13,40
92,13,41
92,14,0
92,14,1
92,20,0
92,20,1
92,20,2
92,20,3
92,20,4
92,20,5
92,20,6
92,20,7
92,20,8
92,20,9
92,20,10
92,20,11
92,20,12
92,20,13
92,20,14
93,21,12
93,21,13
93,21,14
95,13,2
95,13,3
95,13,4
95,13,13
95,13,14
95,13,15
95,13,16
95,13,17
95,13,18
95,13,19
95,13,20
95,13,21
95,13,22
95,13,23
95,13,24
95,13,25
95,13,26
95,13,27
95,13,28
95,13,29
95,13,30
95,13,31
95,13,32
95,13,33
95,13,34
95,13,35
95,13,36
95,13,37
95,14,13
95,14,14
95,14,15
95,20,18
95,20,19
95,20,20
95,20,21
95,20,27
95,20,28
95,20,42
95,20,43
95,20,44
95,20,45
95,20,46
95,20,47
95,20,48
95,20,49
95,20,50
95,20,51
95,20,52
95,20,53
95,20,54
95,20,55
95,20,56
95,20,57
95,20,58
95,20,59
95,20,60
95,20,61
95,20,62
95,20,63
95,20,64
95,20,65
95,20,66
95,20,67
95,20,68
95,20,69
95,20,70
99,1,30
99,1,31
99,1,32
99,1,33
99,1,34
99,1,35
99,1,36
99,1,41
99,1,42
99,1,43
99,1,44
99,1,72
99,1,73
99,1,74
99,1,75
99,1,76
99,1,77
99,20,382
99,20,383
99,20,384
99,20,391
99,20,392
99,20,393
99,20,394
100,1,23
100,1,24
100,1,25
100,1,26
100,1,27
100,1,28
100,1,29
100,1,30
100,1,31
100,1,32
100,1,33
100,1,34
100,1,35
100,1,49
100,1,50
100,1,51
100,1,52
100,1,53
100,1,54
100,1,55
100,1,56
100,1,57
100,1,58
100,1,59
100,1,149
100,1,150
100,1,151
100,1,152
100,1,153
100,1,154
100,1,155
100,1,156
100,1,157
100,1,158
100,1,159
101,20,3
101,20,4
101,20,5
101,20,6
101,20,13
101,20,14
101,20,15
101,20,16
101,20,17
101,20,18
101,20,20
101,20,21
101,20,22
101,20,53
101,20,54
101,20,55
102,11,1
102,11,2
102,11,3
102,11,4
102,11,5
102,11,6
102,11,7
102,11,8
102,11,9
102,11,10
102,11,11
103,1,72
103,1,73
103,1,74
103,1,75
103,1,197
103,1,198
103,1,199
103,1,200
103,1,201
103,1,202
103,1,203
103,1,204
103,11,0
103,11,1
103,11,2
103,11,3
103,11,4
103,11,7
103,20,30
103,20,31
103,20,38
103,20,39
103,20,40
103,20,41
103,20,42
103,20,43
103,20,68
103,20,69
103,20,70
103,20,71
103,20,72
104,1,6
104,1,7
104,1,8
104,1,9
104,1,10
104,1,11
104,1,12
104,1,13
104,1,23
104,1,24
104,1,25
104,1,30
104,1,31
104,1,38
104,1,39
104,1,40
104,1,41
104,1,42
104,1,64
104,1,65
104,1,66
104,1,68
104,1,69
104,1,70
104,1,71
104,1,72
104,1,73
104,1,74
104,1,75
104,1,194
104,1,195
104,1,196
104,1,197
104,1,198
104,1,199
104,1,200
104,1,201
104,1,202
104,11,2
104,20,42
104,20,43
104,20,44
104,20,45
105,1,17
105,1,18
105,1,19
105,1,20
105,1,21
105,1,22
105,1,23
105,1,24
105,1,25
105,11,4
105,11,5
105,11,6
105,11,7
105,11,8
105,11,9
105,11,10
105,11,11
106,14,12
106,14,13
106,14,14
106,14,15
106,14,16
106,14,17
106,14,18
106,14,19
106,14,20
106,20,45
106,20,46
106,20,47
106,20,60
106,20,61
107,13,78
107,13,79
107,13,80
107,13,81
107,13,82
107,13,83
108,13,11
108,13,12
108,13,13
108,13,14
108,13,15
108,13,16
108,13,17
108,13,18
108,13,19
108,13,20
108,13,21
108,13,22
108,13,23
108,13,24
108,13,25
108,13,26
108,13,27
108,13,28
108,13,29
108,20,56
108,20,57
108,20,58
108,20,59
108,20,60
108,20,61
108,20,62
108,20,63
108,20,64
108,20,65
108,20,66
108,20,67
108,20,68
108,20,69
108,20,70
108,20,71
108,20,72
108,20,73
108,20,74
108,20,75
108,20,76
108,20,77
108,20,78
108,20,84
108,20,85
108,20,86
108,20,87
108,20,88
108,20,89
108,20,90
108,20,91
108,20,92
108,20,93
108,20,94
108,20,95
108,20,96
108,20,97
108,20,98
108,20,99
108,20,100
108,20,101
108,20,102
109,11,11
109,11,12
109,11,13
109,11,14
109,11,15
109,11,16
109,11,17
109,11,18
109,11,19
109,11,20
111,11,0
111,11,1
111,11,2
111,11,3
111,11,19
111,11,20
111,11,21
111,11,22
111,11,23
111,11,24
111,12,28
111,12,29
111,12,30
111,12,31
111,12,32
111,12,33
111,12,34
111,13,0
111,13,1
111,13,2
111,13,3
111,13,4
111,13,5
111,13,6
111,13,7
111,13,15
111,13,16
111,13,17
111,13,18
111,13,21
111,13,22
111,13,23
111,13,38
111,13,39
111,13,40
111,13,41
111,13,42
111,13,43
111,13,44
111,13,45
111,13,46
111,13,47
111,13,48
111,13,49
111,13,50
111,13,51
111,13,52
111,13,53
111,13,54
111,13,55
111,13,56
111,13,57
111,13,58
111,13,59
111,13,60
111,13,61
111,13,62
111,13,63
111,13,64
111,13,77
111,13,78
111,13,79
111,13,82
111,13,83
111,13,84
111,13,85
111,13,86
111,13,87
111,13,88
111,13,89
111,13,90
111,13,91
111,13,92
111,13,93
111,13,94
111,13,95
111,13,96
111,13,97
111,13,98
111,13,99
111,13,100
111,13,101
111,13,102
111,13,103
111,13,104
111,13,105
111,13,106
111,13,107
111,13,110
111,13,111
111,13,112
111,13,113
111,13,114
111,13,115
111,13,116
111,13,117
111,13,147
111,13,148
111,13,149
111,13,150
112,1,19
112,1,20
112,13,90
112,13,91
112,13,92
112,13,93
112,13,94
112,13,95
112,13,96
112,13,97
112,13,98
112,13,99
112,13,100
112,20,32
112,20,33
112,20,34
112,20,35
112,20,36
112,20,37
112,20,38
112,20,40
112,20,41
112,20,42
112,20,43
112,20,44
112,20,45
113,1,19
113,1,20
113,1,21
113,13,88
113,13,89
113,13,90
113,13,91
113,13,92
113,13,93
113,13,94
113,13,95
113,13,96
113,13,97
113,13,98
113,13,99
113,20,43
113,20,44
113,20,45
113,20,46
113,20,47
113,20,48
113,20,49
113,20,53
113,20,54
113,20,55
113,20,56
113,20,57
114,1,45
114,1,46
114,1,47
114,1,48
114,1,49
114,1,50
114,13,30
114,13,31
114,13,32
114,13,33
114,13,34
114,13,58
114,13,59
116,13,1
116,13,2
116,13,3
116,13,4
116,13,5
116,13,6
116,13,7
116,13,8
116,13,9
116,13,10
116,13,11
116,13,12
116,13,13
116,13,14
116,13,15
116,13,16
116,13,17
116,13,18
116,13,19
116,13,20
116,13,21
116,13,22
116,13,44
116,13,45
116,13,46
116,13,47
116,13,48
116,13,49
116,13,50
116,13,51
116,13,52
116,13,53
116,13,54
116,13,55
116,13,56
116,13,156
116,13,157
116,13,158
116,13,159
116,13,160
116,13,161
116,20,2
116,20,3
116,20,4
116,20,5
116,20,6
116,20,7
116,20,8
116,20,9
116,20,10
116,20,11
116,20,12
116,20,13
116,20,33
116,20,34
116,20,35
116,20,36
116,20,37
116,20,43
116,20,44
116,20,45
116,20,46
116,20,47
116,20,48
116,20,49
116,20,50
116,20,51
116,20,52
116,20,53
116,20,54
116,20,55
116,20,56
116,20,57
116,20,92
116,20,93
116,20,94
116,20,95
116,20,96
117,13,2
117,13,3
117,13,4
117,13,5
117,13,6
117,13,7
117,13,8
117,13,9
117,13,10
117,13,11
117,13,12
117,13,13
117,13,14
117,13,15
117,13,16
117,13,17
117,13,18
117,13,19
117,13,20
117,13,21
117,13,24
117,13,25
117,13,26
117,13,27
117,13,28
117,13,29
117,13,30
117,13,31
117,13,32
117,13,33
117,13,34
117,13,35
117,13,36
117,13,37
117,13,38
117,13,39
117,13,40
117,13,41
117,13,42
117,13,43
117,13,44
117,13,45
117,13,46
117,13,47
117,13,48
117,13,49
117,13,50
117,13,51
117,13,52
117,13,53
117,13,54
117,13,55
117,13,154
117,13,155
117,13,156
117,13,157
117,20,1
117,20,2
117,20,3
117,20,4
117,20,5
117,20,6
117,20,32
117,20,33
117,20,34
117,20,35
117,20,36
117,20,44
117,20,45
117,20,46
117,20,47
117,20,48
117,20,49
117,20,50
117,20,51
117,20,52
117,20,53
117,20,54
117,20,55
117,20,56
117,20,90
117,20,91
117,20,92
117,20,93
117,20,94
117,20,95
117,20,96
118,1,27
118,1,28
118,1,29
118,1,30
118,1,31
118,1,32
118,1,33
118,1,34
118,1,35
118,1,36
118,11,1
118,11,2
118,11,3
118,11,4
118,13,8
118,13,9
118,13,10
118,13,11
118,13,12
118,13,13
118,13,14
118,13,15
118,13,16
118,13,17
118,13,18
118,13,19
118,13,24
118,13,25
118,13,26
118,13,27
118,13,28
118,13,29
118,13,30
118,13,31
118,13,32
118,15,0
118,15,1
118,15,2
118,15,3
118,15,4
118,15,5
118,15,6
118,15,16
118,15,17
118,15,18
118,15,19
118,20,9
118,20,10
118,20,11
118,20,12
118,20,13
118,20,14
118,20,49
118,20,50
118,20,51
118,20,52
118,20,53
118,20,54
118,20,74
118,20,75
118,20,76
118,20,88
118,20,89
118,20,97
118,20,98
118,20,99
119,1,14
119,1,15
119,1,16
119,1,17
119,1,18
119,1,19
119,1,20
119,1,193
119,1,194
119,1,195
119,1,209
119,1,210
119,14,19
119,14,20
119,14,21
119,14,22
119,14,23
119,14,24
120,1,8
120,1,9
120,1,10
120,1,13
120,1,14
120,1,15
120,1,16
120,1,17
120,1,18
120,1,19
120,1,20
120,1,21
120,1,194
120,1,195
120,1,196
120,1,197
120,1,200
120,1,201
120,1,202
120,1,203
120,1,204
120,1,205
120,1,206
120,1,207
120,1,208
120,1,209
120,1,210
120,1,213
120,15,18
120,15,19
120,15,20
120,15,21
120,15,22
120,15,23
120,23,0
120,23,1
120,23,2
121,1,9
121,1,10
121,1,11
121,1,12
121,1,13
121,1,14
121,1,15
121,1,16
121,1,23
121,1,24
121,1,25
121,7,24
121,7,25
121,14,19
121,14,20
121,14,21
121,14,22
121,20,0
122,1,67
122,1,68
122,1,69
122,1,70
122,1,71
122,1,72
122,1,73
122,1,74
122,1,75
122,1,76
122,1,77
122,1,78
122,1,79
122,1,80
122,1,81
122,1,82
122,1,83
122,1,84
122,1,85
122,1,86
122,1,87
122,1,88
122,1,89
122,1,90
122,1,91
122,1,92
122,1,93
122,1,94
122,1,95
122,1,96
122,1,97
122,1,98
122,1,104
122,1,105
122,1,106
122,1,107
122,1,108
122,1,109
122,1,110
122,1,111
122,1,112
122,1,113
122,1,129
122,1,130
122,1,131
122,1,132
122,1,133
122,1,134
122,1,135
122,1,136
122,1,137
122,11,6
122,11,7
122,11,8
122,11,9
122,11,10
122,11,11
122,11,12
122,11,13
122,11,14
122,11,15
122,11,16
122,11,17
122,11,18
122,11,19
122,11,20
122,11,21
122,11,22
122,11,23
122,11,24
122,14,8
122,14,9
122,14,10
122,14,11
122,14,12
122,14,13
122,14,14
122,14,15
122,14,16
122,14,21
122,14,22
122,14,23
122,14,24
122,14,30
122,14,31
122,14,32
122,14,33
122,14,34
122,14,35
122,14,36
122,14,37
122,14,38
122,14,39
122,14,40
122,14,41
122,14,42
122,14,43
122,21,36
122,21,37
122,21,38
122,21,39
123,12,20
123,12,21
123,12,22
123,12,23
123,12,24
123,12,25
123,12,26
123,12,27
123,12,28
123,12,29
123,12,30
123,20,21
124,11,0
124,11,1
124,11,2
124,13,145
124,13,157
124,13,158
124,13,159
124,13,160
124,13,161
124,13,162
124,13,163
124,13,164
124,13,165
124,13,166
124,13,167
124,13,185
124,13,186
124,13,187
124,15,1
124,20,27
124,20,28
124,20,29
124,20,30
124,20,31
124,20,32
124,20,33
124,20,39
124,20,40
124,20,41
124,20,42
124,20,43
124,20,44
124,20,45
125,13,148
125,13,149
125,13,150
125,13,151
125,13,152
125,20,2
125,20,3
125,20,4
125,20,5
125,20,6
125,20,91
125,20,92
125,20,123
125,20,124
125,20,125
125,20,132
125,20,133
125,20,134
126,13,155
126,13,156
126,13,157
126,13,158
126,13,162
126,13,163
126,20,25
126,20,26
126,20,27
126,20,28
126,20,29
126,20,113
126,20,114
126,20,115
127,1,79
127,1,80
127,1,81
127,1,82
127,1,178
127,13,50
127,13,51
127,13,52
127,13,98
128,1,63
128,1,65
128,1,66
128,1,67
128,1,70
128,1,71
128,1,72
128,1,77
128,1,78
128,1,79
128,1,80
128,1,81
128,1,82
128,1,83
128,1,84
128,1,85
128,1,86
128,1,87
128,1,88
128,13,49
128,13,50
129,13,50
129,13,51
129,13,52
129,13,53
130,1,17
130,1,18
130,1,19
130,1,20
130,1,21
130,1,22
130,1,33
130,1,34
130,1,35
130,1,36
130,1,37
130,1,38
130,1,39
130,1,40
130,1,41
130,1,42
130,1,43
130,1,45
130,1,46
130,1,47
130,1,100
130,1,101
130,1,102
130,1,103
130,1,104
130,1,105
130,1,123
130,1,124
130,1,125
130,1,126
130,1,127
130,1,128
130,1,129
130,1,131
130,1,132
130,1,133
130,1,134
130,11,5
130,11,6
130,11,7
130,11,8
130,11,9
130,11,10
130,11,11
130,11,12
130,11,13
130,13,74
130,13,75
130,13,76
130,13,77
130,13,78
130,13,79
130,13,80
130,13,81
130,13,82
131,1,19
131,1,20
131,1,21
131,1,22
131,1,23
131,1,24
131,1,25
131,1,26
131,1,27
131,1,28
131,1,33
131,1,34
131,1,35
131,1,36
131,1,37
131,1,38
131,1,39
131,1,40
131,1,41
131,1,42
131,1,43
131,1,96
131,1,97
131,1,98
131,1,99
131,1,100
131,1,101
131,1,102
131,1,103
131,11,6
131,11,7
131,11,8
131,11,9
131,11,10
131,13,78
131,13,79
131,13,80
131,13,81
131,13,82
131,13,83
131,13,84
132,1,16
132,1,17
132,1,18
132,1,19
132,1,20
132,1,21
132,1,22
132,1,23
132,1,24
132,1,25
132,1,32
132,1,33
132,1,34
132,1,35
132,1,36
132,1,37
132,1,38
132,1,39
132,1,40
132,1,41
132,1,42
132,1,43
132,11,6
132,11,7
132,11,8
132,11,9
132,11,10
132,11,11
132,13,74
132,13,75
132,13,76
132,13,77
132,13,78
132,13,79
132,13,80
133,1,107
133,1,108
133,1,109
133,7,9
133,7,10
133,7,11
133,7,13
133,7,14
133,7,15
133,7,16
133,7,17
133,11,18
133,13,0
133,13,1
133,13,2
133,13,3
133,13,4
133,13,5
133,13,6
133,13,7
133,13,8
133,13,9
133,13,10
133,13,11
133,13,12
133,13,13
133,13,14
133,13,15
133,13,16
133,13,17
133,13,18
133,13,19
133,13,20
133,13,21
133,13,22
133,13,23
133,13,24
133,13,25
133,13,26
133,13,36
133,20,5
133,20,6
133,20,7
133,20,8
133,20,9
133,20,10
133,20,11
133,20,12
133,20,13
133,20,14
133,20,15
133,20,16
133,20,17
133,20,18
133,20,19
133,20,30
133,20,31
133,20,32
133,20,36
133,20,37
133,20,38
133,20,39
133,20,40
133,20,41
133,20,42
133,20,43
133,20,44
133,20,45
133,20,46
133,20,47
133,20,48
133,20,49
133,20,50
133,20,51
133,20,52
133,20,53
133,22,0
133,22,1
133,22,2
133,22,3
133,22,4
133,22,5
133,22,6
133,22,7
133,22,8
133,22,9
133,22,10
133,22,11
133,22,12
133,22,13
133,22,14
133,22,15
134,1,19
134,1,20
134,1,21
134,1,22
134,1,23
134,1,24
134,1,25
134,1,26
134,1,29
134,1,30
134,1,31
134,1,32
134,1,33
134,1,34
134,1,35
134,1,36
134,1,37
134,1,38
134,1,43
134,1,44
134,1,45
134,1,46
134,1,47
134,1,48
134,1,49
134,1,50
134,1,51
134,1,52
134,1,53
134,1,54
134,1,55
134,1,56
134,1,67
134,1,68
134,1,69
134,1,107
134,1,108
134,1,111
134,1,112
134,1,113
134,7,11
134,7,12
134,7,13
134,7,14
134,7,15
134,7,16
134,7,17
134,7,18
134,7,20
134,7,21
134,7,22
134,13,0
134,13,1
134,13,2
134,13,3
134,13,4
134,13,5
134,13,6
134,13,10
134,13,11
134,13,12
134,13,13
134,13,14
134,13,15
134,13,16
134,13,17
134,13,18
134,13,19
134,13,20
134,13,21
134,13,22
134,13,23
134,13,24
134,13,25
134,13,26
134,13,32
134,20,6
134,20,7
134,20,8
134,20,9
134,20,10
134,20,11
134,20,12
134,20,13
134,20,14
134,20,15
134,20,16
134,20,17
134,20,18
134,20,19
134,20,25
134,20,26
134,20,27
134,20,36
134,20,37
134,20,38
134,20,39
134,20,40
134,20,41
134,20,42
134,20,43
134,20,44
134,20,45
134,20,46
134,20,47
134,20,48
134,20,49
134,20,50
134,20,51
134,22,0
134,22,1
134,22,2
134,22,3
134,22,4
134,22,5
134,22,6
134,22,7
134,22,8
134,22,9
134,22,10
134,22,11
134,22,12
134,22,13
135,13,0
135,13,1
135,13,2
135,13,3
135,13,8
135,13,9
135,13,10
135,13,11
135,13,12
135,13,13
135,13,14
135,13,15
135,13,16
135,13,17
135,13,18
135,13,19
135,13,20
135,13,21
135,13,22
135,13,23
135,13,24
135,20,7
135,20,8
135,20,9
135,20,10
135,20,11
135,20,27
135,20,28
135,20,29
135,20,30
135,20,36
135,20,37
135,20,38
135,20,39
135,20,40
135,20,41
135,20,42
135,20,58
135,20,59
135,20,60
135,20,61
135,22,0
135,22,1
135,22,2
135,22,3
135,22,4
137,1,32
137,1,33
137,1,34
137,1,36
137,1,37
137,1,38
137,1,48
137,1,49
137,1,50
137,1,51
137,1,52
137,1,53
137,1,54
137,1,55
137,1,56
137,1,57
137,1,58
137,1,59
137,1,60
137,1,61
137,1,64
137,1,65
137,1,66
137,1,67
137,1,68
137,1,72
137,1,73
137,1,74
137,1,75
137,1,76
137,1,77
137,1,78
137,1,79
137,1,80
137,1,81
137,1,82
137,13,9
137,13,10
137,13,11
137,13,12
137,13,13
137,13,14
137,13,15
137,13,16
137,13,17
137,13,18
137,13,19
137,13,20
137,13,21
137,13,22
137,13,23
137,13,24
137,13,25
137,13,26
137,13,27
137,13,28
137,13,29
137,13,30
137,13,31
137,13,32
137,13,33
138,1,46
138,1,47
138,1,48
138,1,49
138,1,50
138,1,51
138,1,52
138,1,53
138,1,54
138,1,55
138,1,56
138,1,57
138,1,58
138,1,59
138,1,60
138,1,65
138,1,66
138,1,67
138,1,68
138,1,69
138,1,72
138,1,73
138,1,74
138,1,75
138,1,76
138,1,77
138,1,78
138,1,79
138,1,80
138,1,81
138,1,82
138,1,83
138,1,84
138,1,85
138,1,86
138,1,87
138,13,16
138,13,17
138,13,18
138,13,19
138,13,20
138,13,21
138,13,22
138,13,23
138,13,24
139,13,73
139,13,74
139,13,75
139,13,76
139,13,77
139,13,78
139,13,79
139,13,80
139,20,0
139,20,1
139,20,2
139,20,3
139,20,4
139,20,5
139,20,6
139,20,7
139,20,8
139,20,9
139,20,10
140,20,3
140,20,4
140,20,5
140,20,6
140,20,7
140,20,8
141,20,0
142,1,6
142,1,7
142,1,8
142,1,9
142,1,10
142,1,29
142,1,30
142,1,31
142,1,32
142,1,33
142,1,34
142,1,35
142,1,36
142,1,37
142,1,38
142,1,39
142,1,40
142,1,41
142,1,42
142,1,43
142,1,44
142,1,45
142,1,46
142,1,47
142,1,48
142,1,49
142,1,50
142,1,51
142,1,52
142,1,53
142,1,54
142,1,55
142,1,56
142,1,57
142,1,59
142,1,60
142,1,61
142,1,62
142,1,70
142,1,71
142,1,72
142,1,73
142,1,74
142,1,75
142,1,93
142,1,94
142,1,95
142,1,96
142,1,97
142,1,98
142,1,114
142,1,115
142,1,116
142,13,0
142,13,1
142,13,2
142,13,3
142,13,4
142,13,5
142,13,13
142,13,14
142,13,15
142,13,16
142,13,17
142,13,18
142,13,19
142,13,31
142,13,32
142,13,33
142,13,34
142,13,35
142,13,36
142,13,37
142,13,38
142,13,39
142,13,52
142,13,53
142,13,54
142,13,55
142,13,56
142,13,57
142,13,62
142,13,63
142,13,64
142,13,68
142,13,69
142,13,70
142,13,71
142,13,76
142,13,77
142,13,78
142,13,79
142,13,80
142,13,81
142,13,82
142,13,90
142,13,91
142,13,92
142,20,15
142,20,17
142,20,18
142,20,19
142,20,20
142,20,21
142,20,49
142,20,50
142,20,51
142,20,52
142,20,53
142,20,58
142,20,59
142,20,60
142,20,61
142,20,62
142,20,63
142,20,73
142,20,74
142,20,89
142,20,90
143,1,29
143,1,30
143,1,31
143,1,32
143,1,33
143,1,34
143,1,35
143,1,36
143,1,37
143,1,38
143,1,39
143,1,40
143,1,41
143,1,42
143,1,43
143,1,44
143,1,45
143,1,46
143,1,47
143,1,48
143,1,49
143,1,50
143,1,51
143,1,52
143,1,53
143,1,54
143,1,55
143,1,56
143,1,57
143,1,58
143,1,59
143,1,60
143,1,61
143,1,62
143,1,63
143,1,71
143,1,72
143,1,73
143,1,74
143,1,75
143,1,76
143,1,94
143,1,95
143,1,96
143,1,97
143,1,98
143,1,114
143,1,115
143,1,116
143,11,11
143,13,0
143,13,1
143,13,2
143,13,3
143,13,4
143,13,6
143,13,10
143,13,11
143,13,12
143,13,13
143,13,14
143,13,15
143,13,16
143,13,17
143,13,18
143,13,28
143,13,30
143,13,31
143,13,32
143,13,33
143,13,34
143,13,35
143,13,36
143,13,37
143,13,41
143,13,42
143,13,43
143,13,44
143,13,45
143,13,47
143,13,49
143,13,50
143,13,51
143,13,52
143,13,53
143,13,54
143,13,60
143,13,61
143,13,62
143,13,63
143,13,67
143,13,68
143,13,69
143,13,70
143,13,74
143,13,75
143,13,76
143,13,77
143,13,78
143,13,79
143,13,80
143,20,11
143,20,12
143,20,13
143,20,14
143,20,15
143,20,16
143,20,17
143,20,18
143,20,47
143,20,48
143,20,49
143,20,50
143,20,55
143,20,56
143,20,57
143,20,58
143,20,59
143,20,60
143,20,61
143,20,87
143,20,88
143,20,91
143,20,92
143,20,95
143,20,96
143,20,97
143,20,98
143,21,0
143,21,1
144,13,0
144,13,1
144,13,2
144,13,3
144,13,4
144,13,5
144,13,6
144,13,12
144,13,13
144,13,14
144,13,15
144,13,16
144,13,17
144,13,18
144,13,27
144,13,28
144,13,29
144,13,30
144,13,31
144,13,32
144,13,33
144,13,34
144,13,35
144,13,36
144,13,37
144,13,48
144,13,49
144,13,50
144,13,51
144,13,52
144,13,53
144,13,59
144,13,60
144,13,61
144,13,62
144,13,63
144,13,66
144,13,67
144,13,68
144,13,69
144,13,73
144,13,74
144,13,75
144,13,76
144,13,77
144,13,78
144,13,79
144,13,80
144,20,17
144,20,18
144,20,19
144,20,20
144,20,21
144,20,51
144,20,52
144,20,53
144,20,59
144,20,60
144,20,61
144,20,62
144,20,63
144,20,73
144,20,74
146,1,0
146,1,1
146,1,2
146,1,83
146,1,84
146,1,86
146,1,91
147,1,19
147,1,20
147,1,23
147,1,24
147,1,25
147,1,26
147,1,27
147,1,28
147,1,29
147,1,30
147,1,31
147,1,32
147,1,33
147,1,34
147,1,35
147,1,36
147,1,37
147,1,38
147,1,39
147,1,40
147,1,41
147,1,42
147,1,43
147,1,44
147,1,45
147,1,46
147,1,48
147,1,49
147,1,50
147,1,51
147,1,52
147,1,53
147,1,54
147,1,55
147,1,56
147,1,57
147,1,64
147,1,65
147,1,66
147,1,67
147,1,68
147,1,69
147,1,70
147,1,71
147,1,72
147,1,73
147,1,74
147,1,75
147,1,76
147,1,77
147,1,78
147,1,79
147,1,80
147,1,81
147,1,82
147,1,83
147,1,84
147,1,85
147,1,86
147,1,87
147,1,88
147,1,89
147,1,90
147,1,91
147,1,92
147,1,93
147,1,94
147,1,95
147,1,96
147,1,97
147,1,98
147,1,99
147,1,100
147,1,101
147,1,102
147,1,103
147,1,104
147,1,105
147,1,106
147,1,107
147,1,108
147,1,109
147,1,110
147,1,111
147,1,112
147,1,113
147,1,114
147,1,115
147,1,116
147,1,117
147,1,118
147,1,119
147,1,120
147,1,121
147,1,122
147,1,123
147,1,124
147,1,125
147,1,126
147,1,154
147,1,155
147,1,156
147,1,157
147,7,5
147,7,6
147,7,7
147,7,8
147,7,9
147,7,10
147,7,11
147,7,12
147,7,13
147,7,14
147,7,15
147,7,16
147,7,17
147,7,18
147,7,19
147,7,20
147,7,21
147,7,22
147,7,23
147,7,24
147,7,25
147,7,26
147,7,27
147,7,28
147,7,29
147,7,30
147,7,31
147,7,32
147,7,33
147,7,34
147,7,35
147,7,36
147,7,37
147,7,38
147,7,39
147,7,40
147,7,41
147,7,42
147,7,43
147,7,44
147,7,45
147,7,46
147,7,47
147,7,48
147,7,49
147,7,50
147,7,51
147,7,52
147,7,53
147,7,54
147,7,55
147,7,56
147,7,57
147,7,58
147,7,59
147,7,74
147,7,75
147,7,76
147,7,77
147,7,78
147,13,0
147,13,1
147,13,2
147,13,3
147,13,4
147,13,5
147,13,6
147,13,7
147,13,8
147,13,9
147,13,10
147,13,11
147,13,12
147,13,13
147,13,14
147,13,15
147,13,16
147,13,17
147,13,18
147,13,19
147,13,20
147,13,21
147,13,22
147,13,23
147,13,24
147,13,25
147,13,26
147,13,27
147,13,28
147,13,29
147,13,30
147,13,31
147,13,32
147,13,33
147,13,34
147,13,63
147,13,64
147,13,65
147,13,66
147,13,67
147,14,1
147,14,2
147,14,3
147,14,4
147,14,5
147,14,6
147,14,7
147,14,8
147,14,9
147,14,10
147,14,11
147,14,12
147,14,13
147,14,14
147,14,15
147,14,18
147,14,19
147,14,20
147,14,21
147,14,22
147,14,23
147,14,24
147,14,25
147,14,26
147,14,27
147,14,28
147,16,12
147,16,13
147,16,14
147,16,15
147,16,16
148,1,17
148,1,18
148,1,19
148,1,22
148,1,23
148,1,24
148,1,25
148,1,26
148,1,27
148,1,28
148,1,29
148,1,30
148,1,31
148,1,32
148,1,33
148,1,34
148,1,35
148,1,36
148,1,37
148,1,38
148,1,39
148,1,40
148,1,41
148,1,42
148,1,43
148,1,44
148,1,45
148,1,48
148,1,49
148,1,50
148,1,51
148,1,52
148,1,53
148,1,54
148,1,55
148,1,56
148,1,57
148,1,58
148,1,62
148,1,63
148,1,64
148,1,65
148,1,66
148,1,67
148,1,68
148,1,69
148,1,70
148,1,71
148,1,72
148,1,73
148,1,74
148,1,75
148,1,76
148,1,77
148,1,78
148,1,79
148,1,80
148,1,81
148,1,82
148,1,83
148,1,84
148,1,85
148,1,86
148,1,87
148,1,90
148,1,91
148,1,92
148,1,93
148,1,94
148,1,95
148,1,96
148,1,97
148,1,98
148,1,99
148,1,100
148,1,101
148,1,102
148,1,103
148,1,104
148,1,105
148,1,106
148,1,107
148,1,108
148,1,109
148,1,110
148,1,111
148,1,112
148,1,113
148,1,114
148,1,115
148,1,119
148,1,120
148,1,121
148,1,122
148,1,123
148,1,124
148,1,125
148,1,153
148,1,154
148,1,155
148,1,156
148,7,0
148,7,1
148,7,6
148,7,7
148,7,8
148,7,9
148,7,10
148,7,11
148,7,12
148,7,13
148,7,14
148,7,15
148,7,16
148,7,17
148,7,18
148,7,19
148,7,20
148,7,21
148,7,22
148,7,23
148,7,24
148,7,25
148,7,26
148,7,27
148,7,28
148,7,29
148,7,30
148,7,31
148,7,32
148,7,33
148,7,34
148,7,35
148,7,36
148,7,37
148,7,38
148,7,39
148,7,40
148,7,41
148,7,42
148,7,43
148,7,44
148,7,45
148,7,46
148,7,47
148,7,48
148,7,49
148,7,50
148,7,51
148,7,52
148,7,53
148,7,54
148,7,55
148,7,56
148,7,57
148,7,58
148,7,59
148,7,60
148,7,61
148,7,62
148,7,63
148,7,65
148,7,78
148,7,79
148,7,80
148,7,81
148,11,11
148,13,0
148,13,1
148,13,2
148,13,3
148,13,4
148,13,5
148,13,6
148,13,7
148,13,8
148,13,9
148,13,10
148,13,11
148,13,12
148,13,13
148,13,14
148,13,15
148,13,16
148,13,17
148,13,18
148,13,19
148,13,20
148,13,21
148,13,22
148,13,23
148,13,24
148,13,25
148,13,26
148,13,27
148,13,59
148,13,60
148,13,61
148,13,62
148,13,63
148,13,64
148,14,0
148,14,1
148,14,2
148,14,3
148,14,4
148,14,5
148,14,6
148,14,7
148,14,8
148,14,9
148,14,10
148,14,11
148,14,12
148,14,13
148,14,15
148,14,16
148,14,17
148,14,18
148,14,19
148,14,20
148,14,21
148,14,22
148,14,23
148,14,24
148,14,25
148,14,26
148,15,32
148,15,33
148,15,34
148,15,35
149,13,2
149,13,3
149,13,4
149,13,5
149,13,6
149,13,7
149,13,8
149,13,9
149,13,10
149,13,11
149,13,12
149,13,13
149,13,14
149,13,15
149,13,16
149,13,17
149,13,18
149,13,19
149,13,20
149,13,21
149,13,22
149,13,23
149,13,24
149,13,25
149,13,26
149,13,27
149,13,28
149,13,29
149,13,30
149,13,31
149,13,32
149,13,33
149,13,34
149,13,35
149,13,36
149,14,5
149,14,6
149,14,7
149,14,8
149,14,9
149,14,10
149,14,11
149,14,12
149,14,13
149,14,14
149,14,15
149,14,16
149,14,19
149,14,20
149,14,21
149,14,22
149,14,23
149,14,24
149,14,25
149,14,26
149,14,27
149,14,28
149,14,29
149,15,27
149,15,28
149,15,29
149,15,30
